,name,distance,rating,price
0,Coffee & Whisky House,603,8.8,3.0
1,Coffee & Whisky House,832,8.8,3.0
2,Coffee & Whisky House,603,8.8,3.0
3,Coffee & Whisky House,229,8.8,3.0
4,Coffee & Whisky House,229,8.8,3.0
5,Coffee & Whisky House,229,8.8,3.0
6,Coffee & Whisky House,852,8.8,3.0
7,Coffee & Whisky House,211,8.8,3.0
8,Coffee & Whisky House,211,8.8,3.0
9,Coffee & Whisky House,852,8.8,3.0
10,Coffee & Whisky House,211,8.8,3.0
11,Coffee & Whisky House,852,8.8,3.0
12,Coffee & Whisky House,832,8.8,3.0
13,Coffee & Whisky House,657,8.8,3.0
14,Coffee & Whisky House,810,8.8,3.0
15,Coffee & Whisky House,810,8.8,3.0
16,Coffee & Whisky House,810,8.8,3.0
17,Coffee & Whisky House,657,8.8,3.0
18,Coffee & Whisky House,657,8.8,3.0
19,Coffee & Whisky House,603,8.8,3.0
20,Coffee & Whisky House,832,8.8,3.0
21,Copernicus Toruń Hotel,251,8.6,
22,Copernicus Toruń Hotel,469,8.6,
23,Copernicus Toruń Hotel,945,8.6,
24,Copernicus Toruń Hotel,292,8.6,
25,Copernicus Toruń Hotel,855,8.6,
26,Szeroka No.9,582,8.5,
27,Szeroka No.9,477,8.5,
28,Szeroka No.9,276,8.5,
29,Szeroka No.9,786,8.5,
30,Szeroka No.9,477,8.5,
31,Szeroka No.9,806,8.5,
32,Szeroka No.9,786,8.5,
33,Szeroka No.9,582,8.5,
34,Szeroka No.9,806,8.5,
35,Szeroka No.9,276,8.5,
36,Szeroka No.9,591,8.5,
37,Szeroka No.9,591,8.5,
38,Szeroka No.9,731,8.5,
39,Szeroka No.9,731,8.5,
40,Szeroka No.9,529,8.5,
41,Szeroka No.9,529,8.5,
42,Manekin,405,8.4,
43,Bread House Cafe,739,8.4,1.0
44,Manekin,341,8.4,
45,Widelec,160,8.4,2.0
46,Bread House Cafe,739,8.4,1.0
47,Bread House Cafe,739,8.4,1.0
48,Apartamenty Monka,872,8.4,
49,Widelec,440,8.4,2.0
50,Widelec,160,8.4,2.0
51,Widelec,160,8.4,2.0
52,Bread House Cafe,656,8.4,1.0
53,Manekin,210,8.4,
54,Manekin,210,8.4,
55,Bread House Cafe,656,8.4,1.0
56,Bread House Cafe,656,8.4,1.0
57,Manekin,341,8.4,
58,Manekin,986,8.4,
59,Manekin,986,8.4,
60,Manekin,405,8.4,
61,Widelec,693,8.4,2.0
62,Widelec,893,8.4,2.0
63,Widelec,693,8.4,2.0
64,Apartamenty Monka,590,8.4,
65,Widelec,693,8.4,2.0
66,Manekin,671,8.4,
67,Bread House Cafe,434,8.4,1.0
68,Bread House Cafe,434,8.4,1.0
69,Manekin,671,8.4,
70,Manekin,833,8.4,
71,Bread House Cafe,434,8.4,1.0
72,Widelec,440,8.4,2.0
73,Widelec,440,8.4,2.0
74,Manekin,833,8.4,
75,Widelec,578,8.4,2.0
76,Widelec,578,8.4,2.0
77,Widelec,578,8.4,2.0
78,Apartamenty Monka,834,8.4,
79,Manekin,578,8.4,
80,Widelec,893,8.4,2.0
81,Manekin,708,8.4,
82,Apartamenty Monka,901,8.4,
83,Apartamenty Monka,211,8.4,
84,Bread House Cafe,852,8.4,1.0
85,Bread House Cafe,852,8.4,1.0
86,Bread House Cafe,283,8.4,1.0
87,Bread House Cafe,283,8.4,1.0
88,Bread House Cafe,283,8.4,1.0
89,Manekin,302,8.4,
90,Manekin,302,8.4,
91,Widelec,893,8.4,2.0
92,Apartamenty Monka,162,8.4,
93,Manekin,662,8.4,
94,Manekin,662,8.4,
95,Bread House Cafe,106,8.4,1.0
96,Bread House Cafe,106,8.4,1.0
97,Widelec,730,8.4,2.0
98,Bread House Cafe,852,8.4,1.0
99,Manekin,708,8.4,
100,Bread House Cafe,684,8.4,1.0
101,Manekin,790,8.4,
102,Manekin,578,8.4,
103,Widelec,655,8.4,2.0
104,Manekin,790,8.4,
105,Widelec,655,8.4,2.0
106,Widelec,655,8.4,2.0
107,Manekin,379,8.4,
108,Apartamenty Monka,707,8.4,
109,Manekin,379,8.4,
110,Bread House Cafe,684,8.4,1.0
111,Widelec,730,8.4,2.0
112,Widelec,730,8.4,2.0
113,Bread House Cafe,684,8.4,1.0
114,Bread House Cafe,106,8.4,1.0
115,Pierogarnia Stary Toruń,545,8.1,1.0
116,Pierogarnia Stary Toruń,545,8.1,1.0
117,Pierogarnia Stary Młyn,498,8.1,1.0
118,Pierogarnia Stary Młyn,498,8.1,1.0
119,Pierogarnia Stary Toruń,631,8.1,1.0
120,Pierogarnia Stary Młyn,749,8.1,1.0
121,Pierogarnia Stary Młyn,749,8.1,1.0
122,Pierogarnia Stary Toruń,631,8.1,1.0
123,Pierogarnia Stary Toruń,849,8.1,1.0
124,Pierogarnia Stary Młyn,452,8.1,1.0
125,Pierogarnia Stary Młyn,452,8.1,1.0
126,Pierogarnia Stary Toruń,324,8.1,1.0
127,Pierogarnia Stary Młyn,645,8.1,1.0
128,Pierogarnia Stary Młyn,645,8.1,1.0
129,Pierogarnia Stary Młyn,370,8.1,1.0
130,Pierogarnia Stary Młyn,370,8.1,1.0
131,Pierogarnia Stary Toruń,423,8.1,1.0
132,Pierogarnia Stary Toruń,423,8.1,1.0
133,Pierogarnia Stary Młyn,572,8.1,1.0
134,Pierogarnia Stary Młyn,756,8.1,1.0
135,Pierogarnia Stary Młyn,756,8.1,1.0
136,Pierogarnia Stary Toruń,692,8.1,1.0
137,Pierogarnia Stary Toruń,692,8.1,1.0
138,Pierogarnia Stary Młyn,572,8.1,1.0
139,Pierogarnia Stary Toruń,464,8.1,1.0
140,Pierogarnia Stary Toruń,464,8.1,1.0
141,Pierogarnia Stary Toruń,849,8.1,1.0
142,Pierogarnia Stary Młyn,873,8.1,1.0
143,Pierogarnia Stary Młyn,873,8.1,1.0
144,Pierogarnia Stary Toruń,496,8.1,1.0
145,Pierogarnia Stary Toruń,496,8.1,1.0
146,Pierogarnia Stary Toruń,324,8.1,1.0
147,Montenegro,843,8.0,1.0
148,Montenegro,670,8.0,1.0
149,Montenegro,746,8.0,1.0
150,Montenegro,860,8.0,1.0
151,Montenegro,215,8.0,1.0
152,Montenegro,877,8.0,1.0
153,Jan Olbracht Browar Staromiejski,915,7.8,2.0
154,Jan Olbracht Browar Staromiejski,525,7.8,2.0
155,Jan Olbracht Browar Staromiejski,648,7.8,2.0
156,Jan Olbracht Browar Staromiejski,523,7.8,2.0
157,Jan Olbracht Browar Staromiejski,523,7.8,2.0
158,Jan Olbracht Browar Staromiejski,523,7.8,2.0
159,Jan Olbracht Browar Staromiejski,405,7.8,2.0
160,Jan Olbracht Browar Staromiejski,598,7.8,2.0
161,Jan Olbracht Browar Staromiejski,598,7.8,2.0
162,Jan Olbracht Browar Staromiejski,598,7.8,2.0
163,Jan Olbracht Browar Staromiejski,648,7.8,2.0
164,Jan Olbracht Browar Staromiejski,525,7.8,2.0
165,Jan Olbracht Browar Staromiejski,525,7.8,2.0
166,Jan Olbracht Browar Staromiejski,555,7.8,2.0
167,Jan Olbracht Browar Staromiejski,555,7.8,2.0
168,Jan Olbracht Browar Staromiejski,915,7.8,2.0
169,Jan Olbracht Browar Staromiejski,915,7.8,2.0
170,Jan Olbracht Browar Staromiejski,405,7.8,2.0
171,Jan Olbracht Browar Staromiejski,405,7.8,2.0
172,Jan Olbracht Browar Staromiejski,555,7.8,2.0
173,Jan Olbracht Browar Staromiejski,648,7.8,2.0
174,Jan Olbracht Browar Staromiejski,388,7.8,2.0
175,Jan Olbracht Browar Staromiejski,388,7.8,2.0
176,Jan Olbracht Browar Staromiejski,388,7.8,2.0
177,Weranda Chełmińska,343,7.5,2.0
178,Weranda Chełmińska,343,7.5,2.0
179,Weranda Chełmińska,705,7.5,2.0
180,Weranda Chełmińska,930,7.5,2.0
181,Weranda Chełmińska,686,7.5,2.0
182,Weranda Chełmińska,710,7.5,2.0
183,Weranda Chełmińska,710,7.5,2.0
184,Weranda Chełmińska,930,7.5,2.0
185,Weranda Chełmińska,705,7.5,2.0
186,Weranda Chełmińska,686,7.5,2.0
187,Weranda Chełmińska,842,7.5,2.0
188,Weranda Chełmińska,842,7.5,2.0
189,Czarny Tulipan. Pub,619,7.4,2.0
190,Czarny Tulipan. Pub,862,7.4,2.0
191,Czarny Tulipan. Pub,862,7.4,2.0
192,Czarny Tulipan. Pub,827,7.4,2.0
193,Czarny Tulipan. Pub,619,7.4,2.0
194,Czarny Tulipan. Pub,827,7.4,2.0
195,Czarny Tulipan. Pub,369,7.4,2.0
196,Czarny Tulipan. Pub,234,7.4,2.0
197,Czarny Tulipan. Pub,234,7.4,2.0
198,Czarny Tulipan. Pub,369,7.4,2.0
199,Azzurro,728,7.3,2.0
200,Azzurro,489,7.3,2.0
201,Azzurro,968,7.3,2.0
202,Azzurro,298,7.3,2.0
203,Azzurro,610,7.3,2.0
204,Azzurro,335,7.3,2.0
205,Azzurro,810,7.3,2.0
206,Stare Metropolis,759,7.2,1.0
207,Stare Metropolis,487,7.2,1.0
208,Stare Metropolis,584,7.2,1.0
209,Stare Metropolis,584,7.2,1.0
210,Stare Metropolis,759,7.2,1.0
211,Stare Metropolis,759,7.2,1.0
212,Stare Metropolis,584,7.2,1.0
213,Stare Metropolis,487,7.2,1.0
214,Stare Metropolis,487,7.2,1.0
215,Stare Metropolis,658,7.2,1.0
216,Stare Metropolis,658,7.2,1.0
217,Stare Metropolis,881,7.2,1.0
218,Stare Metropolis,658,7.2,1.0
219,Stare Metropolis,382,7.2,1.0
220,Stare Metropolis,447,7.2,1.0
221,Stare Metropolis,447,7.2,1.0
222,Stare Metropolis,382,7.2,1.0
223,Stare Metropolis,881,7.2,1.0
224,Stare Metropolis,881,7.2,1.0
225,Stare Metropolis,757,7.2,1.0
226,Stare Metropolis,757,7.2,1.0
227,Stare Metropolis,757,7.2,1.0
228,Stare Metropolis,447,7.2,1.0
229,Stare Metropolis,382,7.2,1.0
230,Hotel Filmar,743,7.1,
231,Hotel Filmar,944,7.1,
232,Hotel Filmar,497,7.1,
233,Hotel Filmar,805,7.1,
234,Hotel Filmar,899,7.1,
235,Hotel Filmar,310,7.1,
236,Lizard King,721,7.0,
237,Lizard King,721,7.0,
238,Lizard King,506,7.0,
239,Lizard King,506,7.0,
240,Lizard King,506,7.0,
241,Lizard King,703,7.0,
242,Lizard King,703,7.0,
243,Lizard King,703,7.0,
244,Lizard King,721,7.0,
245,Od Nowa. Studencki klub pracy twórczej,502,6.8,1.0
246,Od Nowa. Studencki klub pracy twórczej,502,6.8,1.0
247,Od Nowa. Studencki klub pracy twórczej,589,6.8,1.0
248,Od Nowa. Studencki klub pracy twórczej,589,6.8,1.0
249,Od Nowa. Studencki klub pracy twórczej,20,6.8,1.0
250,Od Nowa. Studencki klub pracy twórczej,20,6.8,1.0
251,Od Nowa. Studencki klub pracy twórczej,780,6.8,1.0
252,Od Nowa. Studencki klub pracy twórczej,859,6.8,1.0
253,Od Nowa. Studencki klub pracy twórczej,642,6.8,1.0
254,Od Nowa. Studencki klub pracy twórczej,780,6.8,1.0
255,Od Nowa. Studencki klub pracy twórczej,642,6.8,1.0
256,Od Nowa. Studencki klub pracy twórczej,672,6.8,1.0
257,Od Nowa. Studencki klub pracy twórczej,672,6.8,1.0
258,Od Nowa. Studencki klub pracy twórczej,859,6.8,1.0
259,Loft79,980,6.7,3.0
260,Loft79,731,6.7,3.0
261,Loft79,980,6.7,3.0
262,Loft79,731,6.7,3.0
263,Loft79,980,6.7,3.0
264,Loft79,731,6.7,3.0
265,Widelec,279,6.6,2.0
266,Widelec,311,6.6,2.0
267,Widelec,279,6.6,2.0
268,Widelec,659,6.6,2.0
269,Widelec,659,6.6,2.0
270,Widelec,311,6.6,2.0
271,KFC,922,6.5,1.0
272,KFC,747,6.5,1.0
273,KFC,281,6.5,1.0
274,KFC,281,6.5,1.0
275,Subway,43,6.5,1.0
276,KFC,412,6.5,1.0
277,KFC,412,6.5,1.0
278,KFC,747,6.5,1.0
279,Subway,669,6.5,1.0
280,Pierogarnia Leniwa,574,6.5,1.0
281,Pierogarnia Leniwa,574,6.5,1.0
282,Subway,669,6.5,1.0
283,Subway,43,6.5,1.0
284,Subway,859,6.5,1.0
285,Subway,637,6.5,1.0
286,Subway,637,6.5,1.0
287,Subway,859,6.5,1.0
288,Gospoda Pod Modrym Fartuchem,579,6.5,
289,KFC,922,6.5,1.0
290,KFC,803,6.3,1.0
291,KFC,803,6.3,1.0
292,Dim Sum,621,6.3,2.0
293,Dim Sum,621,6.3,2.0
294,KFC,962,6.3,1.0
295,KFC,451,6.3,1.0
296,KFC,962,6.3,1.0
297,KFC,451,6.3,1.0
298,KFC,103,6.3,1.0
299,KFC,103,6.3,1.0
300,KFC,434,6.2,
301,McDonald's,902,6.1,1.0
302,McDonald's,216,6.1,1.0
303,McDonald's,156,6.1,1.0
304,Mr.Capone,29,6.0,1.0
305,KFC,803,6.0,1.0
306,Mr.Capone,656,6.0,1.0
307,Mr.Capone,656,6.0,1.0
308,Mr.Capone,378,6.0,1.0
309,Mr.Capone,378,6.0,1.0
310,McDonald's,158,6.0,1.0
311,McDonald's,158,6.0,1.0
312,KFC,803,6.0,1.0
313,Mr.Capone,408,6.0,1.0
314,KFC,34,6.0,1.0
315,KFC,34,6.0,1.0
316,Mr.Capone,29,6.0,1.0
317,Mr.Capone,408,6.0,1.0
318,KFC,303,6.0,1.0
319,KFC,303,6.0,1.0
320,McDonald's,445,5.8,1.0
321,McDonald's,55,5.8,1.0
322,McDonald's,55,5.8,1.0
323,McDonald's,445,5.8,1.0
324,Fort IV,567,5.7,
325,Fort IV,567,5.7,
326,McDonald's,314,5.6,1.0
327,McDonald's,559,5.6,1.0
328,McDonald's,559,5.6,1.0
329,McDonald's,314,5.6,1.0
330,Stara Paczkarnia,25,,1.0
331,Stara Paczkarnia,25,,1.0
332,Klif. Bar,181,,2.0
333,Klif. Bar,188,,2.0
334,Klif. Bar,188,,2.0
335,Kinga Łuczak Usługi Hotelowe,283,,
336,Pizzeria Wenecja,314,,1.0
337,Pizzeria Wenecja,314,,1.0
338,Drink Bar Sierżant Dawid Kościecha,350,,1.0
339,Degustator Rafał Daczkowski,370,,2.0
340,Degustator Rafał Daczkowski,370,,2.0
341,Pizzeria Venus,64,,1.0
342,Kakadu u Marcina - Pub,71,,2.0
343,Kakadu u Marcina - Pub,71,,2.0
344,Zahir Kebab,88,,
345,Restauracja Montenegro,114,,1.0
346,Cafe Molus,142,,1.0
347,Cafe Molus,142,,1.0
348,Cafe Molus,142,,1.0
349,Restauracja W Kapciach,144,,
350,MClub,160,,
351,"Misada. Restauracja, organizacja imprez",164,,
352,Favola,184,,1.0
353,Favola,184,,1.0
354,Kalinowska Giorgi Wanda Pod Jarzębiną Pokoje Gościnne,258,,
355,Kalinowska Giorgi Wanda Pod Jarzębiną Pokoje Gościnne,258,,
356,Pod Jarzębiną,262,,
357,La Pablo. FHU. Wiwatowski P.,64,,1.0
358,Kim Orient,97,,2.0
359,Pizzeria Laguna,126,,1.0
360,Start Bar. Bugajski Artur Toruń,464,,2.0
361,Zapiekanki na dworcu,480,,1.0
362,Spichrz,480,,
363,Zapiekarnia,520,,1.0
364,Dakat Firma. Dróżdż Teresa Toruń,556,,
365,Folborska Monika Marcello,562,,1.0
366,Restauracja Waliza,734,,
367,California Pizza Bar,54,,1.0
368,Dom Pielgrzyma,55,,
369,Dom Pielgrzyma,55,,
370,Bar U Beaty,99,,1.0
371,Bar U Beaty,99,,1.0
372,Obiady u basi,112,,1.0
373,Smakuś,134,,
374,Smakuś,134,,
375,Smakuś,134,,
376,Smakuś,134,,
377,Chiński Kubek,140,,1.0
378,NY's Pizza,180,,1.0
379,Cukiernia & Cafe Weranda Anna Nitkowska,265,,
380,Cukiernia & Cafe Weranda Anna Nitkowska,265,,
381,Stachowski Daniel Bar,282,,1.0
382,Chwast Prast Vegetarian Bistro,289,,2.0
383,Tara,296,,1.0
384,Transcatering,317,,
385,Dariusz Nowak,185,,
386,Kawiarnia Staś Kwiatkowska Alicja,247,,1.0
387,Pizzeria Yarpen,350,,1.0
388,Pizzeria Yarpen,350,,1.0
389,Caffe Bar. Drink-bar,364,,2.0
390,Caffe Bar. Drink-bar,364,,2.0
391,Caffe Bar. Drink-bar,364,,2.0
392,Skrzynka,430,,
393,Policealna Szkoła Usług Turystycznych,502,,
394,Policealna Szkoła Usług Turystycznych,502,,
395,Ajsu Kebab,542,,
396,Mała Gastronomia Cegielski Jerzy,758,,1.0
397,Autosar. Restauracja,763,,
398,Cichy Zakątek S.C. Zembrzuska Magdalena Dąbrowska Kinga,338,,1.0
399,Apartament ksiezycowy II,433,,
400,Palce Lizać,507,,
401,Pro Eco - Invest Sp. z o.o.,583,,
402,Smakuś,619,,
403,Smakuś,619,,
404,Smakuś,619,,
405,Smakuś,619,,
406,Pizza Sfera,634,,1.0
407,Warpol,640,,1.0
408,Bar Statystyk,688,,
409,"Lokal Elena – Wesele, Catering Toruń",16,,
410,"Lokal Elena – Wesele, Catering Toruń",16,,
411,Elena. Restauracja,94,,
412,Cichowicz Maria. Bufet,567,,2.0
413,Rustico Kebab,789,,
414,Planeta Kebab,840,,2.0
415,Planeta Kebab,840,,2.0
416,Planeta Kebab,840,,2.0
417,Kawiarnia Staś Kwiatkowska Alicja,906,,1.0
418,Forte Prim Sp. z o.o. Sp.k,941,,
419,Ajsu Kebab,982,,
420,Pcic Poland Sp. z o.o.,540,,
421,Pcic Poland Sp. z o.o.,540,,
422,DDG Restauracje Grotkowscy Danuta Grotkowskaplacówka Opiekuncza Danuta Grotkowska,793,,
423,BIM Oriental Fast Food,125,,1.0
424,"Hotel i Karczma ""Spichrz""",162,,
425,Verona II S c Euro Car Bogusław Bojdo Aneta Bojdo,200,,
426,Wild Bean Cafe,324,,1.0
427,Wild Bean Cafe,324,,1.0
428,Przeds Handlowo Usługowe S.C. Airfort Stawicki Janusz Paruszewski Adam,338,,1.0
429,Pokoje Alfa,374,,
430,Pokoje Alfa,374,,
431,Bar Hotelowy Alfa,374,,1.0
432,G132 Office & Restaurant,378,,
433,G132 Office & Restaurant,378,,
434,Ciechanowski Marian. Punkt małej gastronomii,38,,2.0
435,Byczy Burger,201,,1.0
436,Byczy Burger,201,,1.0
437,Baalbek,202,,1.0
438,Baalbek,202,,1.0
439,North Fish,216,,3.0
440,North Fish,216,,3.0
441,Bangkok Wok,261,,2.0
442,Dołasiński Zbigniew Kasztelan Bar,267,,1.0
443,"Baalbek sp.j. Cieślewicz A., Poddany J.",303,,2.0
444,Pizzeria Pe-Pe Marek Mech,111,,2.0
445,Pizzeria Pe-Pe Marek Mech,111,,2.0
446,Pizzeria Promyk,122,,1.0
447,Jankowska Małgorzata pod Koszem Bar,212,,1.0
448,Simple Plan Ewelina Kosińska,267,,
449,Warpol,334,,1.0
450,Pizza Sfera,351,,1.0
451,Pizzeria Laguna,370,,1.0
452,W obłokach cafe,293,,1.0
453,W obłokach cafe,293,,1.0
454,W obłokach cafe,293,,1.0
455,Rubens & Monet,774,,
456,Prim S.C. Kulpa Wiktor Kulpa Elżbieta,954,,1.0
457,Prim S.C. Kulpa Wiktor Kulpa Elżbieta,954,,1.0
458,Prim S.C. Kulpa Wiktor Kulpa Elżbieta,954,,1.0
459,"Rubbens. Hotel, Restauracja",13991,,
460,Usługi Kelnerskie Dominika Urbanik,947,,
461,Usługi Kelnerskie Dominika Urbanik,947,,
462,Belfood Arkadiusz Szmytkowski,138,,
463,Zahir Kebab,304,,2.0
464,Hotele Solaris Sp. z o.o.,315,,
465,Mała Gastronomia Rożen Sós Piotr,378,,1.0
466,Kashmir,393,,2.0
467,Kashmir,393,,2.0
468,Max. Pub,481,,1.0
469,Kebab,540,,
470,Thienlong,580,,1.0
471,"Rubbens. Hotel, Restauracja",14936,,
472,Sandżak Sp. z o.o.,56,,
473,Montenegro,61,,1.0
474,"Bapol s.c. Przedsiębiorstwo handlowo - gastronomiczne. Męcner J., Fedorowicz B.",94,,2.0
475,Pizza Hut,268,,1.0
476,Fenix. Firma handlowo - gastronomiczna,356,,2.0
477,Tapas,429,,1.0
478,Tapas,429,,1.0
479,Tapas,429,,1.0
480,Firma Tapas Odolecka Jolanta,429,,
481,Cube Cafe. Kawiarnia Multiconcept. Sp. Z O.o.,434,,1.0
482,Cube Cafe. Kawiarnia Multiconcept. Sp. Z O.o.,434,,1.0
483,Cube Cafe. Kawiarnia Multiconcept. Sp. Z O.o.,434,,1.0
484,Subway,441,,1.0
485,Subway,441,,1.0
486,Wild Bean Cafe,277,,1.0
487,Wild Bean Cafe,277,,1.0
488,Ajsu Kebab,293,,
489,Pizzeria Don Corleone,324,,1.0
490,Skrzynka,396,,
491,Dobry Adres Kuchnia i Pub,431,,1.0
492,Dobry Adres Kuchnia i Pub,431,,1.0
493,Mała Gastronomia Cegielski Jerzy,433,,1.0
494,Caffe Bar. Drink-bar,466,,2.0
495,Caffe Bar. Drink-bar,466,,2.0
496,Caffe Bar. Drink-bar,466,,2.0
497,Pizzeria Yarpen,496,,1.0
498,Pizzeria Yarpen,496,,1.0
499,North Fish,41,,3.0
500,Smaki Azji,74,,2.0
501,burgeroWnia,90,,1.0
502,Kosmos Hotel Torun,99,,
503,Arianos Döner Kebab,159,,
504,Misada,161,,
505,Adaś. Bar,24,,
506,Paluch stołówka,130,,1.0
507,Bar ZIEMniaczek,137,,
508,Bar ZIEMniaczek,137,,
509,Bar ZIEMniaczek,137,,
510,Hotel Uniwersytecki,230,,
511,Murat Kebap,95,,
512,Soczek raz dwa,107,,2.0
513,Soczek raz dwa,107,,2.0
514,El Ninio,167,,2.0
515,Jagoda,182,,
516,Chwast Prast Vegetarian Bistro,195,,2.0
517,Mała gastronomia Bar U Dziadka,216,,
518,Lawenda,348,,
519,Kęs Dobry,413,,1.0
520,Kęs Dobry,413,,1.0
521,"Restauracja ""PIĄTA KLEPKA"" Agnieszka Borkowska",425,,
522,Dynasińska Maria Shangri La,639,,
523,Rafa. Pizzeria,842,,1.0
524,Firma Usł Gastronom Wiktor S.C. Modzelewska Alicja Modzelewska Kinga,31,,
525,Firma Usł Gastronom Wiktor S.C. Modzelewska Alicja Modzelewska Kinga,31,,
526,"""Wiki"" Pizzeria Beata Chmurzyńska",42,,
527,Kola Sklep Mięsno-Spożywczy. Kolasiński Tomasz Toruń,49,,
528,Kola Sklep Mięsno-Spożywczy. Kolasiński Tomasz Toruń,49,,
529,Marco. Pizzeria,171,,
530,Firma Handlowo-Gastronomiczna. Grzebińska Teodozja Toruń,222,,
531,Od Nowa MZK,25,,
532,Od Nowa MZK,25,,
533,Hotel Asystencki nr 2,98,,
534,Bar Małej Gastronomi Baszyński Piotr,245,,
535,Mała gastronomia Bar U Dziadka,381,,
536,Chiński Kubek,394,,1.0
537,Cybermachina Przemysław Benedykciński,191,,1.0
538,Pora Obiadowa,229,,1.0
539,Krągłe Placki,319,,1.0
540,Pub Na Pętli,340,,2.0
541,"Agnieszka Płachta Blue Cactus, Blue Home",507,,
542,Chilli. Maćczak M.,517,,2.0
543,Siwy Dym,685,,
544,Prim S.C. Kulpa Wiktor Kulpa Elżbieta,767,,1.0
545,Prim S.C. Kulpa Wiktor Kulpa Elżbieta,767,,1.0
546,Prim S.C. Kulpa Wiktor Kulpa Elżbieta,767,,1.0
547,Gruba Ryba,796,,3.0
548,Thienlong,796,,1.0
549,Kinga Łuczak Usługi Hotelowe,42,,
550,Klif. Bar,105,,2.0
551,Klif. Bar,105,,2.0
552,Klif. Bar,109,,2.0
553,Stara Paczkarnia,260,,1.0
554,Stara Paczkarnia,260,,1.0
555,Pizzeria Wenecja,351,,1.0
556,Pizzeria Wenecja,351,,1.0
557,Lodmix Szczególski Sławomir,360,,2.0
558,Lodmix Szczególski Sławomir,360,,2.0
559,Drink Bar Sierżant Dawid Kościecha,392,,1.0
560,Blue Kaktus. Pub,507,,2.0
561,Mała Gastronomia Cegielski Jerzy,163,,1.0
562,Wild Bean Cafe,383,,1.0
563,Wild Bean Cafe,383,,1.0
564,Pizzeria Yarpen,489,,1.0
565,Pizzeria Yarpen,489,,1.0
566,Caffe Bar. Drink-bar,519,,2.0
567,Caffe Bar. Drink-bar,519,,2.0
568,Caffe Bar. Drink-bar,519,,2.0
569,Skrzynka,525,,
570,Ajsu Kebab,599,,
571,Kawiarnia Staś Kwiatkowska Alicja,635,,1.0
572,Dariusz Nowak,639,,
573,Policealna Szkoła Usług Turystycznych,714,,
574,Policealna Szkoła Usług Turystycznych,714,,
575,Krystyna Bryla Mala Gastronomia Lodziarnia,50,,
576,Punkt Sprzedaży Małej Gastronomi Koźlikowska Aleksandra,102,,1.0
577,Ajsu Kebab,108,,
578,Kwadrans Cafe Toruń,156,,1.0
579,Kwadrans Cafe Toruń,156,,1.0
580,Kwadrans Cafe Toruń,156,,1.0
581,Kebab Star,156,,1.0
582,Portos,178,,2.0
583,Mar Changlin Chang Lin Firma,185,,
584,Mar Changlin Chang Lin Firma,185,,
585,Restauracja Chińska Chang Lin,190,,1.0
586,Gruby Benek. Pizzeria,199,,1.0
587,Enigma,291,,2.0
588,Pokoje Alfa,65,,
589,Pokoje Alfa,65,,
590,Bar Hotelowy Alfa,65,,1.0
591,G132 Office & Restaurant,70,,
592,G132 Office & Restaurant,70,,
593,Wild Bean Cafe,79,,1.0
594,Wild Bean Cafe,79,,1.0
595,"Hotel i Karczma ""Spichrz""",313,,
596,Wild Bean Cafe,319,,1.0
597,Wild Bean Cafe,319,,1.0
598,Mio Piano Restaurant,339,,2.0
599,Mio Piano Restaurant,339,,2.0
600,Blue Kaktus. Pub,367,,2.0
601,Kebab,66,,
602,Mediterian,83,,2.0
603,Mediterian,83,,2.0
604,Mediterian,83,,2.0
605,Apartament Delfin II,234,,
606,Jajcarnia,256,,1.0
607,Restauracja Olimpia Toruń,265,,
608,Kryta Pływalnia z Hotelikiem,273,,
609,Kryta Pływalnia z Hotelikiem,273,,
610,Mr Chicken,292,,1.0
611,Atena. Pizzeria,300,,1.0
612,Serjusz Szymon Rosiński,315,,
613,Piekuś Bistro,113,,
614,Przewoski Lech Żak,361,,1.0
615,Bar Kebab Gabi Mariola Tomaszewska,549,,
616,Pizzeria Haos,555,,1.0
617,Delikatesy 34,576,,1.0
618,Domowa Barbara Langierowicz,652,,2.0
619,Domowa Barbara Langierowicz,652,,2.0
620,"Kasywtoruniu.pl - Kasy Fiskalne W Toruniu, Systemy Lini Insert i Adith",706,,
621,"Kasywtoruniu.pl - Kasy Fiskalne W Toruniu, Systemy Lini Insert i Adith",706,,
622,"Kasywtoruniu.pl - Kasy Fiskalne W Toruniu, Systemy Lini Insert i Adith",706,,
623,"Kasywtoruniu.pl - Kasy Fiskalne W Toruniu, Systemy Lini Insert i Adith",706,,
624,Klif. Bar,723,,2.0
625,Klif. Bar,723,,2.0
626,Klif. Bar,728,,2.0
627,Delikates,767,,1.0
628,Bar Krokiecik Toruń,39,,
629,Bar Krokiecik Toruń,39,,
630,Bar BQ,100,,2.0
631,Domino's Pizza,118,,1.0
632,Domino's Pizza,118,,1.0
633,Bar Orientalny HANOI,132,,2.0
634,Bar Azyl Dorota Jakimiak Toruń,142,,1.0
635,Bar Azyl Dorota Jakimiak Toruń,142,,1.0
636,Bar Azyl Dorota Jakimiak Toruń,142,,1.0
637,Polish Kebab,257,,
638,Dzięgiel Jacek. Kebab,257,,
639,Domino's Pizza,280,,1.0
640,Atena. Pizzeria,289,,1.0
641,Zahir Kebab,82,,
642,Gruba Ryba,109,,3.0
643,Thienlong,109,,1.0
644,Chilli. Maćczak M.,324,,2.0
645,Delikates,594,,1.0
646,Siwy Dym,605,,
647,"Kasywtoruniu.pl - Kasy Fiskalne W Toruniu, Systemy Lini Insert i Adith",617,,
648,"Kasywtoruniu.pl - Kasy Fiskalne W Toruniu, Systemy Lini Insert i Adith",617,,
649,"Kasywtoruniu.pl - Kasy Fiskalne W Toruniu, Systemy Lini Insert i Adith",617,,
650,"Kasywtoruniu.pl - Kasy Fiskalne W Toruniu, Systemy Lini Insert i Adith",617,,
651,Domowa Barbara Langierowicz,629,,2.0
652,Domowa Barbara Langierowicz,629,,2.0
653,Tomasz Tokarz,725,,
654,Pora Obiadowa,727,,1.0
655,Budzik Coffee Bartłomiej Maciejewski,6,,1.0
656,Taica Frias Heli CLUB LATINO,17,,1.0
657,Maximus S.C. Bar-Pizzeria Toruń,22,,1.0
658,Domowa,40,,1.0
659,Ziemniak Czy Rybka,95,,2.0
660,Domino's Pizza,131,,1.0
661,Mr Chicken,157,,1.0
662,Atena. Pizzeria,249,,1.0
663,Jordan Edyta Maciejewska,274,,2.0
664,Jordan Edyta Maciejewska,274,,2.0
665,Restauracja Róża Wiatrów,310,,
666,Filmar Service Sp. z o.o.,327,,
667,Pro Eco - Invest Sp. z o.o.,173,,
668,Palce Lizać,176,,
669,Warpol,214,,1.0
670,Pizza Sfera,216,,1.0
671,Pizzeria Laguna,345,,1.0
672,Pamela. Pub,394,,1.0
673,Pamela. Pub,394,,1.0
674,Cichy Zakątek S.C. Zembrzuska Magdalena Dąbrowska Kinga,405,,1.0
675,Pizza Dominium,22,,1.0
676,Słodka Chmurka Piotr Moroz,34,,1.0
677,"Baalbek sp.j. Cieślewicz A., Poddany J.",38,,2.0
678,Bangkok Wok,70,,2.0
679,Subway,94,,1.0
680,Subway,94,,1.0
681,Copernicus Döner Kebap,109,,
682,North Fish,144,,3.0
683,North Fish,144,,3.0
684,Zapiekarnia,64,,1.0
685,Zapiekanki na dworcu,103,,1.0
686,Spichrz,103,,
687,Budowlani Toruń,524,,
688,La Pablo. FHU. Wiwatowski P.,532,,1.0
689,Folborska Monika Marcello,555,,1.0
690,Start Bar. Bugajski Artur Toruń,577,,2.0
691,Kim Orient,674,,2.0
692,Green Way,938,,2.0
693,Dakat Firma. Dróżdż Teresa Toruń,994,,
694,Oscar apartments,228,,2.0
695,Restaracja Walter,433,,
696,Hotel Walter,437,,
697,"Zakład Handlowo Usługowo Produkcyjny ""WALTER"" Walter Tadeusz",447,,
698,"Zakład Handlowo Usługowo Produkcyjny ""WALTER"" Walter Tadeusz",447,,
699,Towimor. Bar,474,,
700,Przystanek Piekus,195,,1.0
701,Przystanek Piekus,195,,1.0
702,Przystanek Piekus,195,,1.0
703,McDonald's,201,,1.0
704,McDonald's,201,,1.0
705,Dakat Firma. Dróżdż Teresa Toruń,322,,
706,Zajazd Torunski,419,,
707,Wild Bean Cafe,522,,1.0
708,Wild Bean Cafe,522,,1.0
709,Start Bar. Bugajski Artur Toruń,756,,2.0
710,Kim Orient,800,,2.0
711,Pizzeria Laguna,820,,1.0
712,La Pablo. FHU. Wiwatowski P.,874,,1.0
713,Bar Leśny,87,,
714,Trzy Smaki,110,,
715,Urbański,139,,
716,Graffico. Producent pylonów i witaczy,227,,
717,Mała Gastronomia Galczak Jolanta,282,,1.0
718,Twierdza Torun,533,,
719,Laskowska Rudnicka Violetta Viola Firma handlowo usługowa - Torun,559,,
720,Restauracja Forteczna,588,,2.0
721,Kebabmaniak,625,,
722,Batory,626,,
723,F.H.U Przy Złotej Wyspie Ewelina Fiedorowicz,693,,
724,Restauracja Monte Carlo,784,,1.0
725,Restauracja Monte Carlo,784,,1.0
726,Roma. Pizzeria,84,,1.0
727,New York Pizza Department Toruń,95,,1.0
728,New York Pizza Department Toruń,95,,1.0
729,Jadło Do Syta,101,,
730,Verdad Sp. z o.o.,111,,
731,Restauracja Jadło Polskie,127,,
732,E-Pizzeria.Pl Krzysztof Pawłowski,171,,1.0
733,Przedsiębiorstwo Handlowo Usługowe Kowalik Maria,183,,1.0
734,Servus Sp. z o.o.,206,,
735,Lawenda,160,,
736,Dynasińska Maria Shangri La,179,,
737,Kęs Dobry,281,,1.0
738,Kęs Dobry,281,,1.0
739,Rafa. Pizzeria,691,,1.0
740,Folborska Monika Marcello,691,,1.0
741,"Restauracja ""PIĄTA KLEPKA"" Agnieszka Borkowska",761,,
742,Yomi S.C. Joanna Sowińska Michalina Bratkowska,120,,
743,Yomi S.C. Joanna Sowińska Michalina Bratkowska,120,,
744,Yomi S.C. Joanna Sowińska Michalina Bratkowska,120,,
745,Przedsiębiorstwo Handlowo Usługowe Majus Cander Tomasz,186,,
746,Przedsiębiorstwo Handlowo Usługowe Majus Cander Tomasz,186,,
747,Przedsiębiorstwo Handlowo Usługowe Majus Cander Tomasz,186,,
748,Firma Handlowo-Gastronomiczna. Grzebińska Teodozja Toruń,365,,
749,Pensjonat LAZUR,429,,
750,Pensjonat LAZUR,429,,
751,Restauracja Lokomotywa,57,,1.0
752,Restauracja Lokomotywa,57,,1.0
753,PIE TOWN Małgorzata Mitręga,143,,
754,"Arkadiusz Owsianik Przedsiębiorstwo Handlowo-Usługowe ""Pizza Drive""",215,,
755,"Arkadiusz Owsianik Przedsiębiorstwo Handlowo-Usługowe ""Pizza Drive""",215,,
756,"Arkadiusz Owsianik Przedsiębiorstwo Handlowo-Usługowe ""Pizza Drive""",215,,
757,Orient Express,457,,2.0
758,Orient Express,457,,2.0
759,Orient Express,457,,2.0
760,Pensjonat Winnica,495,,
761,Pensjonat Winnica,495,,
762,Pensjonat Winnica,495,,
763,Elżbieta. FPH. Bukowska E.,594,,
764,Pub Mokre Kurtyka Mirosława,616,,2.0
765,Pub Mokre Kurtyka Mirosława,616,,2.0
766,Byczy Burger,737,,1.0
767,Byczy Burger,737,,1.0
768,Cukiernia Lenkiewicz,461,5.0,1.0
769,Budzik Coffee,370,5.0,
770,Budzik Coffee,1071,5.0,
771,Budzik Coffee,1071,5.0,
772,Chang-Lin,756,5.0,
773,Coffeeheaven,210,5.0,
774,Coffeeheaven,210,5.0,
775,Budzik Coffee,692,5.0,
776,Budzik Coffee,692,5.0,
777,Mr. Capone,683,5.0,
778,Budzik Coffee,370,5.0,
779,Mr. Capone,373,5.0,
780,Gepetto,165,5.0,
781,Gepetto,714,5.0,
782,Gepetto,714,5.0,
783,Coffeeheaven,902,5.0,
784,Coffeeheaven,902,5.0,
785,Budzik Coffee,754,5.0,
786,Budzik Coffee,754,5.0,
787,Gepetto,432,5.0,
788,Gepetto,432,5.0,
789,Mr. Capone,759,5.0,
790,Mr. Capone,1080,5.0,
791,Gepetto,653,5.0,
792,Gepetto,653,5.0,
793,Cukiernia Lenkiewicz,818,5.0,1.0
794,Dom Sushi,1098,5.0,
795,Restauracja Masala,1247,5.0,2.0
796,Cukiernia Zyska,1064,5.0,2.0
797,Cukiernia Zyska,1064,5.0,2.0
798,Fonte,995,5.0,1.0
799,Gepetto,880,5.0,
800,Gepetto,880,5.0,
801,Fonte,995,5.0,1.0
802,Tantra,1243,5.0,
803,Tantra,1243,5.0,
804,Mr. Capone,1223,5.0,
805,Budzik Coffee,1218,5.0,
806,Budzik Coffee,1218,5.0,
807,Sfera Restauracja,820,5.0,
808,Pieprz i Wanilia,1200,5.0,
809,Sklep Bar na Rozdrożu Pudełek Brygida,347,5.0,
810,Pieprz i Wanilia,1200,5.0,
811,Cukiernia Lenkiewicz,818,5.0,1.0
812,Cukiernia Lenkiewicz,818,5.0,1.0
813,Sklep Bar na Rozdrożu Pudełek Brygida,752,5.0,
814,Gepetto,165,5.0,
815,Cukiernia Zyska,943,5.0,2.0
816,Mr. Capone,413,5.0,
817,Gepetto,597,5.0,
818,Coffeeheaven,787,5.0,
819,Coffeeheaven,787,5.0,
820,Budzik Coffee,416,5.0,
821,Cukiernia Zyska,943,5.0,2.0
822,Bar Hetmański Fischer Jadwiga,1044,5.0,
823,Budzik Coffee,416,5.0,
824,Restauracja włoska i pizzeria Napolitano,990,5.0,
825,Chang-Lin,493,5.0,
826,Cukiernia Lenkiewicz,461,5.0,1.0
827,Casa Bonicatti,988,5.0,
828,Coffeeheaven,823,5.0,
829,Coffeeheaven,823,5.0,
830,Gepetto,742,5.0,
831,Gepetto,742,5.0,
832,Gepetto,597,5.0,
833,Mr. Capone,19,5.0,
834,Budzik Coffee,10,5.0,
835,Cukiernia Lenkiewicz,370,5.0,1.0
836,Budzik Coffee,638,5.0,
837,Budzik Coffee,638,5.0,
838,Mr. Capone,647,5.0,
839,Sklep Bar na Rozdrożu Pudełek Brygida,1201,5.0,
840,Cukiernia Lenkiewicz,461,5.0,1.0
841,Chang-Lin,153,5.0,
842,Cukiernia Lenkiewicz,370,5.0,1.0
843,Budzik Coffee,10,5.0,
844,Cukiernia Lenkiewicz,370,5.0,1.0
845,Fonte,183,5.0,1.0
846,Muzeum Zabawek i Bajek,1198,5.0,
847,Fonte,183,5.0,1.0
848,Casa Bonicatti,988,5.0,
849,Stare Metropolis,392,4.9,4.0
850,Stare Metropolis,392,4.9,4.0
851,Stare Metropolis,1404,4.9,4.0
852,Stare Metropolis,656,4.9,4.0
853,Stare Metropolis,656,4.9,4.0
854,Stare Metropolis,895,4.9,4.0
855,Stare Metropolis,895,4.9,4.0
856,Stare Metropolis,476,4.9,4.0
857,Stare Metropolis,741,4.9,4.0
858,Stare Metropolis,741,4.9,4.0
859,Stare Metropolis,750,4.9,4.0
860,Stare Metropolis,476,4.9,4.0
861,Stare Metropolis,1404,4.9,4.0
862,Stare Metropolis,750,4.9,4.0
863,Stare Metropolis,432,4.9,4.0
864,Stare Metropolis,593,4.9,4.0
865,Stare Metropolis,593,4.9,4.0
866,Stare Metropolis,432,4.9,4.0
867,Cukiernia Lenkiewicz,1318,4.8,2.0
868,Pierogarnia Stary Młyn,367,4.8,2.0
869,Restauracja Po Naszemu Sp. z o.o.,445,4.8,2.0
870,Restauracja Po Naszemu Sp. z o.o.,1041,4.8,2.0
871,Restauracja Po Naszemu Sp. z o.o.,467,4.8,2.0
872,Restauracja Po Naszemu Sp. z o.o.,331,4.8,2.0
873,Cukiernia Lenkiewicz,1318,4.8,2.0
874,Cukiernia Lenkiewicz,1318,4.8,2.0
875,Cukiernia Lenkiewicz,152,4.8,2.0
876,Cukiernia Lenkiewicz,653,4.8,2.0
877,Cukiernia Lenkiewicz,152,4.8,2.0
878,Cukiernia Lenkiewicz,152,4.8,2.0
879,Cukiernia Lenkiewicz,566,4.8,2.0
880,Cukiernia Lenkiewicz,566,4.8,2.0
881,Cukiernia Lenkiewicz,566,4.8,2.0
882,Cukiernia Lenkiewicz,780,4.8,2.0
883,Cukiernia Lenkiewicz,780,4.8,2.0
884,Cukiernia Lenkiewicz,780,4.8,2.0
885,Restauracja Po Naszemu Sp. z o.o.,687,4.8,2.0
886,Restauracja Po Naszemu Sp. z o.o.,1201,4.8,2.0
887,Pierogarnia Stary Młyn,502,4.8,2.0
888,Cukiernia Lenkiewicz,653,4.8,2.0
889,Cukiernia Lenkiewicz,653,4.8,2.0
890,Restauracja Po Naszemu Sp. z o.o.,1176,4.8,2.0
891,Pierogarnia Stary Młyn,870,4.8,2.0
892,Restauracja Po Naszemu Sp. z o.o.,543,4.8,2.0
893,Cukiernia Lenkiewicz,364,4.8,2.0
894,Cukiernia Lenkiewicz,364,4.8,2.0
895,Pierogarnia Stary Młyn,455,4.8,2.0
896,Cukiernia Lenkiewicz,721,4.8,2.0
897,Restauracja Po Naszemu Sp. z o.o.,856,4.8,2.0
898,Restauracja Po Naszemu Sp. z o.o.,348,4.8,2.0
899,Cukiernia Lenkiewicz,721,4.8,2.0
900,Cukiernia Lenkiewicz,721,4.8,2.0
901,Cukiernia Lenkiewicz,924,4.8,2.0
902,Cukiernia Lenkiewicz,924,4.8,2.0
903,Cukiernia Lenkiewicz,924,4.8,2.0
904,Cukiernia Lenkiewicz,364,4.8,2.0
905,Presto,795,4.5,
906,Cafe Lenkiewicz,970,4.5,2.0
907,Cafe Lenkiewicz,970,4.5,2.0
908,Cafe Lenkiewicz,572,4.5,2.0
909,Cafe Lenkiewicz,572,4.5,2.0
910,Cafe Lenkiewicz,572,4.5,2.0
911,Cafe Lenkiewicz,614,4.5,2.0
912,Presto,636,4.5,
913,Cafe Lenkiewicz,614,4.5,2.0
914,Cafe Lenkiewicz,612,4.5,2.0
915,Cafe Lenkiewicz,970,4.5,2.0
916,Cafe Lenkiewicz,614,4.5,2.0
917,Presto,840,4.5,
918,Cafe Lenkiewicz,612,4.5,2.0
919,Presto,858,4.5,
920,Cafe Lenkiewicz,612,4.5,2.0
921,Presto,690,4.5,
922,Cafe Lenkiewicz,609,4.5,2.0
923,Kona Coast Cafe,1097,4.5,1.0
924,Presto,366,4.5,
925,Cafe Lenkiewicz,609,4.5,2.0
926,Cafe Lenkiewicz,444,4.5,2.0
927,Cafe Lenkiewicz,465,4.5,2.0
928,Cafe Lenkiewicz,609,4.5,2.0
929,Cafe Lenkiewicz,444,4.5,2.0
930,Cafe Lenkiewicz,444,4.5,2.0
931,Cafe Lenkiewicz,465,4.5,2.0
932,Cafe Lenkiewicz,465,4.5,2.0
933,Presto,987,4.5,
934,Kona Coast Cafe,1097,4.5,1.0
935,Kona Coast Cafe,1097,4.5,1.0
936,Cafe Lenkiewicz,1255,4.5,2.0
937,Cafe Lenkiewicz,1255,4.5,2.0
938,Presto,516,4.5,
939,Ogród Zoobotaniczny,770,4.5,
940,Cafe Lenkiewicz,1255,4.5,2.0
941,Cafe Lenkiewicz,347,4.5,2.0
942,Cafe Lenkiewicz,347,4.5,2.0
943,Cafe Lenkiewicz,347,4.5,2.0
944,Presto,1099,4.5,
945,Pierogarnia Stary Toruń,861,4.4,2.0
946,Pierogarnia Stary Toruń,478,4.4,2.0
947,Pierogarnia Stary Toruń,1238,4.4,2.0
948,Pierogarnia Stary Toruń,616,4.4,2.0
949,Szeroka No. 9,781,4.4,2.0
950,Pierogarnia Stary Toruń,547,4.4,2.0
951,Pierogarnia Stary Toruń,682,4.4,2.0
952,Szeroka No. 9,270,4.4,2.0
953,Pierogarnia Stary Toruń,336,4.4,2.0
954,Pierogarnia Stary Toruń,482,4.4,2.0
955,Pierogarnia Stary Toruń,434,4.4,2.0
956,Szeroka No. 9,270,4.4,2.0
957,Szeroka No. 9,781,4.4,2.0
958,Coffee & Whisky House,243,4.3,2.0
959,Chleb i Wino,283,4.3,2.0
960,Chleb i Wino,283,4.3,2.0
961,Chleb i Wino,580,4.3,2.0
962,Chleb i Wino,580,4.3,2.0
963,Chleb i Wino,534,4.3,2.0
964,Chleb i Wino,534,4.3,2.0
965,Coffee & Whisky House,243,4.3,2.0
966,Coffee & Whisky House,615,4.3,2.0
967,Coffee & Whisky House,615,4.3,2.0
968,Coffee & Whisky House,814,4.3,2.0
969,Coffee & Whisky House,814,4.3,2.0
970,Coffee & Whisky House,814,4.3,2.0
971,Coffee & Whisky House,615,4.3,2.0
972,Coffee & Whisky House,243,4.3,2.0
973,Coffee & Whisky House,223,4.3,2.0
974,Coffee & Whisky House,223,4.3,2.0
975,Coffee & Whisky House,223,4.3,2.0
976,Chleb i Wino,430,4.3,2.0
977,Oberża,1097,4.3,
978,Żywe Muzeum Piernika,1088,4.3,
979,Coffee & Whisky House,1145,4.3,2.0
980,Coffee & Whisky House,1145,4.3,2.0
981,Coffee & Whisky House,1145,4.3,2.0
982,Chleb i Wino,587,4.3,2.0
983,Chleb i Wino,587,4.3,2.0
984,Coffee & Whisky House,829,4.3,2.0
985,Coffee & Whisky House,829,4.3,2.0
986,Coffee & Whisky House,829,4.3,2.0
987,Coffee & Whisky House,842,4.3,2.0
988,Chleb i Wino,430,4.3,2.0
989,Coffee & Whisky House,842,4.3,2.0
990,Oberża,306,4.3,
991,Oberża,306,4.3,
992,Chleb i Wino,1198,4.3,2.0
993,Chleb i Wino,1198,4.3,2.0
994,Oberża,1097,4.3,
995,Coffee & Whisky House,842,4.3,2.0
996,Cafe Molus,595,4.0,1.0
997,Jadłostacja,63,4.0,
998,Azzurro,278,4.0,
999,Azzurro,278,4.0,
1000,Azzurro,278,4.0,
1001,Cafe Molus,595,4.0,1.0
1002,Pizzeria Piccolo,237,4.0,1.0
1003,Karczma Gęsia Szyja,283,4.0,2.0
1004,Pizzeria Piccolo,742,4.0,1.0
1005,Karczma Gęsia Szyja,283,4.0,2.0
1006,Coffee2Go,1239,4.0,
1007,La Grande,1367,4.0,
1008,Coffee2Go,1239,4.0,
1009,Restauracja Luizjana,1031,4.0,2.0
1010,La Grande,328,4.0,
1011,Jadłostacja,63,4.0,
1012,Czarny Tulipan,871,4.0,
1013,Restauracja Luizjana,1031,4.0,2.0
1014,Pizzeria Piccolo,1008,4.0,1.0
1015,Cafe Molus,988,4.0,1.0
1016,Cafe Molus,988,4.0,1.0
1017,Cafe Molus,988,4.0,1.0
1018,Eragon,620,4.0,
1019,Eragon,620,4.0,
1020,La Grande,499,4.0,
1021,Eragon,508,4.0,
1022,Eragon,508,4.0,
1023,North Fish,189,4.0,
1024,North Fish,189,4.0,
1025,Coffee2Go,1298,4.0,
1026,Coffee2Go,79,4.0,
1027,Cafe Molus,155,4.0,1.0
1028,Cafe Molus,155,4.0,1.0
1029,Pizzeria Piccolo,343,4.0,1.0
1030,Cafe Molus,155,4.0,1.0
1031,Czarny Tulipan,627,4.0,
1032,Coffee2Go,79,4.0,
1033,Pizzeria Piccolo,1278,4.0,1.0
1034,Azzurro,425,4.0,
1035,Azzurro,425,4.0,
1036,Azzurro,425,4.0,
1037,Coffee2Go,1298,4.0,
1038,Azzurro,619,4.0,
1039,Czarny Tulipan,239,4.0,
1040,Cafe Molus,986,4.0,1.0
1041,Azzurro,798,4.0,
1042,Cafe Molus,750,4.0,1.0
1043,Azzurro,798,4.0,
1044,Czarny Tulipan,362,4.0,
1045,Jadłostacja,842,4.0,
1046,Jadłostacja,842,4.0,
1047,Azzurro,1124,4.0,
1048,Azzurro,1124,4.0,
1049,Azzurro,619,4.0,
1050,Azzurro,619,4.0,
1051,Azzurro,1124,4.0,
1052,Czarny Tulipan,833,4.0,
1053,Pizzeria Piccolo,338,4.0,1.0
1054,Azzurro,758,4.0,
1055,Cafe Molus,986,4.0,1.0
1056,Cafe Molus,986,4.0,1.0
1057,Coffee2Go,557,4.0,
1058,Coffee2Go,557,4.0,
1059,Azzurro,901,4.0,
1060,Azzurro,901,4.0,
1061,Azzurro,901,4.0,
1062,Azzurro,368,4.0,
1063,Azzurro,368,4.0,
1064,Azzurro,368,4.0,
1065,Eragon,412,4.0,
1066,Azzurro,758,4.0,
1067,Cafe Molus,750,4.0,1.0
1068,Cafe Molus,750,4.0,1.0
1069,La Grande,368,4.0,
1070,Eragon,521,4.0,
1071,Eragon,412,4.0,
1072,La Grande,881,4.0,
1073,Pizzeria Piccolo,799,4.0,1.0
1074,North Fish,175,4.0,
1075,North Fish,175,4.0,
1076,Eragon,881,4.0,
1077,Eragon,881,4.0,
1078,Cafe Molus,847,4.0,1.0
1079,Cafe Molus,847,4.0,1.0
1080,Cafe Molus,847,4.0,1.0
1081,Eragon,521,4.0,
1082,North Fish,1127,4.0,
1083,Pizzeria Piccolo,557,4.0,1.0
1084,Cafe Molus,595,4.0,1.0
1085,La Grande,1012,4.0,
1086,Central Coffee Perks,1367,4.0,1.0
1087,Central Coffee Perks,1367,4.0,1.0
1088,North Fish,914,4.0,
1089,North Fish,914,4.0,
1090,Wabi Navi,1324,4.0,
1091,Azzurro,798,4.0,
1092,North Fish,1127,4.0,
1093,Azzurro,758,4.0,
1094,Browar Staromiejski Jan Olbracht,398,3.8,2.0
1095,Manekin,999,3.8,1.0
1096,Browar Staromiejski Jan Olbracht,398,3.8,2.0
1097,Manekin,717,3.8,1.0
1098,Manekin,624,3.8,1.0
1099,Manekin,710,3.8,1.0
1100,Browar Staromiejski Jan Olbracht,1262,3.8,2.0
1101,Browar Staromiejski Jan Olbracht,534,3.8,2.0
1102,Browar Staromiejski Jan Olbracht,925,3.8,2.0
1103,Manekin,894,3.8,1.0
1104,Browar Staromiejski Jan Olbracht,513,3.8,2.0
1105,Browar Staromiejski Jan Olbracht,513,3.8,2.0
1106,Browar Staromiejski Jan Olbracht,534,3.8,2.0
1107,Manekin,315,3.8,1.0
1108,Browar Staromiejski Jan Olbracht,601,3.8,2.0
1109,Browar Staromiejski Jan Olbracht,601,3.8,2.0
1110,Manekin,478,3.8,1.0
1111,Manekin,1284,3.8,1.0
1112,Browar Staromiejski Jan Olbracht,925,3.8,2.0
1113,Browar Staromiejski Jan Olbracht,565,3.8,2.0
1114,Browar Staromiejski Jan Olbracht,565,3.8,2.0
1115,Browar Staromiejski Jan Olbracht,395,3.8,2.0
1116,Manekin,967,3.8,1.0
1117,Browar Staromiejski Jan Olbracht,395,3.8,2.0
1118,Browar Staromiejski Jan Olbracht,1262,3.8,2.0
1119,Manekin,246,3.8,1.0
1120,Browar Staromiejski Jan Olbracht,641,3.8,2.0
1121,Browar Staromiejski Jan Olbracht,641,3.8,2.0
1122,Kadr,1058,3.7,2.0
1123,Kadr,1058,3.7,2.0
1124,Cube Cafe,1093,3.5,
1125,Cube Cafe,1093,3.5,
1126,Cube Cafe,634,3.5,
1127,Cube Cafe,634,3.5,
1128,Spaghetteria Pasta,1271,3.4,1.0
1129,Spaghetteria Pasta,235,3.4,1.0
1130,Mediterian,598,3.3,
1131,Loft79,978,3.3,3.0
1132,Loft79,167,3.3,3.0
1133,Loft79,167,3.3,3.0
1134,Mediterian,957,3.3,
1135,Mediterian,149,3.3,
1136,Loft79,167,3.3,3.0
1137,Mediterian,1012,3.3,
1138,Loft79,735,3.3,3.0
1139,Loft79,735,3.3,3.0
1140,Loft79,735,3.3,3.0
1141,Loft79,978,3.3,3.0
1142,Loft79,978,3.3,3.0
1143,Mediterian,580,3.3,
1144,Loft79,1263,3.3,3.0
1145,Restauracja Pueblo,1037,3.3,
1146,Restauracja Pueblo,1037,3.3,
1147,Loft79,1263,3.3,3.0
1148,Loft79,1263,3.3,3.0
1149,Mediterian,712,3.3,
1150,Grycan,734,3.0,
1151,AS,782,3.0,
1152,Cukiernia Sowa,742,3.0,
1153,Cukiernia Sowa,742,3.0,
1154,Cukiernia Sowa,742,3.0,
1155,Grycan,734,3.0,
1156,Bar Klif,184,3.0,1.0
1157,AS,782,3.0,
1158,Cukiernia Sowa,373,3.0,
1159,Bar Klif,105,3.0,1.0
1160,AS,782,3.0,
1161,Grycan,292,3.0,
1162,Grycan,292,3.0,
1163,Grycan,292,3.0,
1164,Cukiernia Sowa,373,3.0,
1165,Cukiernia Sowa,373,3.0,
1166,Bar Klif,938,3.0,1.0
1167,Bar Klif,725,3.0,1.0
1168,Cukiernia Sowa,1161,3.0,
1169,Cukiernia Sowa,1161,3.0,
1170,Cukiernia Sowa,1161,3.0,
1171,AS,106,3.0,
1172,AS,106,3.0,
1173,AS,106,3.0,
1174,Bar Klif,782,3.0,1.0
1175,Bar Klif,838,3.0,1.0
1176,Grycan,734,3.0,
1177,Grycan,76,3.0,
1178,Grycan,76,3.0,
1179,Grycan,76,3.0,
1180,Cukiernia Sowa,46,3.0,
1181,Cukiernia Sowa,46,3.0,
1182,Cukiernia Sowa,46,3.0,
1183,Pizzeria Da Grasso,968,2.5,3.0
1184,Pizzeria Da Grasso,968,2.5,3.0
1185,New York's Pizza,894,2.0,
1186,Saj Gon,204,2.0,1.0
1187,Saj Gon,912,2.0,1.0
1188,Saj Gon,912,2.0,1.0
1189,Saj Gon,170,2.0,1.0
1190,New York's Pizza,999,2.0,
1191,Saj Gon,170,2.0,1.0
1192,Saj Gon,204,2.0,1.0
1193,Pub Duet,818,2.0,2.0
1194,Bar Panda,1255,2.0,1.0
1195,Pub Duet,22,2.0,2.0
1196,Firma Handlowo Usługowa Apollo Pyskło Piotr,63,2.0,2.0
1197,Bar Panda,937,2.0,1.0
1198,Firma Handlowo Usługowa Apollo Pyskło Piotr,761,2.0,2.0
1199,Nice Kebab,881,1.0,2.0
1200,Pizzeria Goya,833,1.0,
1201,Pizzeria Goya,833,1.0,
1202,Nice Kebab,79,1.0,2.0
1203,Pizzeria Goya,305,1.0,
1204,Pizzeria Goya,634,1.0,
1205,Pizzeria Goya,414,1.0,
1206,Pizzeria Goya,414,1.0,
1207,Pizzeria Goya,513,1.0,
1208,Pizzeria Goya,513,1.0,
1209,Pizzeria Goya,634,1.0,
1210,Pizzeria Goya,305,1.0,
