name,price,rating,distance,latitude,longitude
Montenegro,1.0,8.0,670,53.033019,18.599727
Weranda Chełmińska,2.0,7.5,842,53.033019,18.599727
Stara Paczkarnia,1.0,,25,53.033019,18.599727
KFC,1.0,6.3,803,53.033019,18.599727
Klif. Bar,2.0,,181,53.033019,18.599727
Klif. Bar,2.0,,188,53.033019,18.599727
Kinga Łuczak Usługi Hotelowe,,,283,53.033019,18.599727
Pizzeria Wenecja,1.0,,314,53.033019,18.599727
Drink Bar Sierżant Dawid Kościecha,1.0,,350,53.033019,18.599727
Degustator Rafał Daczkowski,2.0,,370,53.033019,18.599727
Manekin,,8.4,379,53.013489,18.571125
Widelec,2.0,8.4,730,53.013489,18.571125
Azzurro,2.0,7.3,335,53.013489,18.571125
Czarny Tulipan. Pub,2.0,7.4,619,53.013489,18.571125
Od Nowa. Studencki klub pracy twórczej,1.0,6.8,859,53.013489,18.571125
Subway,1.0,6.5,637,53.013489,18.571125
Pizzeria Venus,1.0,,64,53.013489,18.571125
Kakadu u Marcina - Pub,2.0,,71,53.013489,18.571125
Zahir Kebab,,,88,53.013489,18.571125
Mr.Capone,1.0,6.0,408,53.013489,18.571125
Montenegro,1.0,8.0,215,53.030117,18.58979
Weranda Chełmińska,2.0,7.5,343,53.030117,18.58979
Restauracja Montenegro,1.0,,114,53.030117,18.58979
Cafe Molus,1.0,,142,53.030117,18.58979
Restauracja W Kapciach,,,144,53.030117,18.58979
MClub,,,160,53.030117,18.58979
"Misada. Restauracja, organizacja imprez",,,164,53.030117,18.58979
Favola,1.0,,184,53.030117,18.58979
Kalinowska Giorgi Wanda Pod Jarzębiną Pokoje Gościnne,,,258,53.030117,18.58979
Pod Jarzębiną,,,262,53.030117,18.58979
Bread House Cafe,1.0,8.4,106,53.009622,18.600228
Coffee & Whisky House,3.0,8.8,229,53.009622,18.600228
Apartamenty Monka,,8.4,211,53.009622,18.600228
Copernicus Toruń Hotel,,8.6,292,53.009622,18.600228
Szeroka No.9,,8.5,529,53.009622,18.600228
Pierogarnia Stary Młyn,1.0,8.1,452,53.009622,18.600228
Pierogarnia Stary Toruń,1.0,8.1,496,53.009622,18.600228
Manekin,,8.4,662,53.009622,18.600228
Jan Olbracht Browar Staromiejski,2.0,7.8,405,53.009622,18.600228
Stare Metropolis,1.0,7.2,447,53.009622,18.600228
Manekin,,8.4,302,53.013655,18.612899
Szeroka No.9,,8.5,477,53.013655,18.612899
Pierogarnia Stary Toruń,1.0,8.1,464,53.013655,18.612899
Coffee & Whisky House,3.0,8.8,852,53.013655,18.612899
Pierogarnia Stary Młyn,1.0,8.1,572,53.013655,18.612899
Bread House Cafe,1.0,8.4,852,53.013655,18.612899
Apartamenty Monka,,8.4,901,53.013655,18.612899
Jan Olbracht Browar Staromiejski,2.0,7.8,555,53.013655,18.612899
Stare Metropolis,1.0,7.2,584,53.013655,18.612899
Lizard King,,7.0,703,53.013655,18.612899
La Pablo. FHU. Wiwatowski P.,1.0,,64,52.99555,18.616924
Kim Orient,2.0,,97,52.99555,18.616924
Pizzeria Laguna,1.0,,126,52.99555,18.616924
Start Bar. Bugajski Artur Toruń,2.0,,464,52.99555,18.616924
Zapiekanki na dworcu,1.0,,480,52.99555,18.616924
Spichrz,,,480,52.99555,18.616924
Zapiekarnia,1.0,,520,52.99555,18.616924
Dakat Firma. Dróżdż Teresa Toruń,,,556,52.99555,18.616924
Folborska Monika Marcello,1.0,,562,52.99555,18.616924
Restauracja Waliza,,,734,52.99555,18.616924
Widelec,2.0,8.4,655,53.022897,18.583878
Montenegro,1.0,8.0,877,53.022897,18.583878
Weranda Chełmińska,2.0,7.5,705,53.022897,18.583878
Od Nowa. Studencki klub pracy twórczej,1.0,6.8,502,53.022897,18.583878
California Pizza Bar,1.0,,54,53.022897,18.583878
Dom Pielgrzyma,,,55,53.022897,18.583878
Bar U Beaty,1.0,,99,53.022897,18.583878
Obiady u basi,1.0,,112,53.022897,18.583878
Smakuś,,,134,53.022897,18.583878
Chiński Kubek,1.0,,140,53.022897,18.583878
Copernicus Toruń Hotel,,8.6,855,53.010124,18.584802
Widelec,2.0,8.4,893,53.010124,18.584802
Czarny Tulipan. Pub,2.0,7.4,369,53.010124,18.584802
Azzurro,2.0,7.3,728,53.010124,18.584802
NY's Pizza,1.0,,180,53.010124,18.584802
Cukiernia & Cafe Weranda Anna Nitkowska,,,265,53.010124,18.584802
Stachowski Daniel Bar,1.0,,282,53.010124,18.584802
Chwast Prast Vegetarian Bistro,2.0,,289,53.010124,18.584802
Tara,1.0,,296,53.010124,18.584802
Transcatering,,,317,53.010124,18.584802
KFC,1.0,6.5,922,53.029537,18.653436
Dariusz Nowak,,,185,53.029537,18.653436
Kawiarnia Staś Kwiatkowska Alicja,1.0,,247,53.029537,18.653436
Pizzeria Yarpen,1.0,,350,53.029537,18.653436
Caffe Bar. Drink-bar,2.0,,364,53.029537,18.653436
Skrzynka,,,430,53.029537,18.653436
Policealna Szkoła Usług Turystycznych,,,502,53.029537,18.653436
Ajsu Kebab,,,542,53.029537,18.653436
Mała Gastronomia Cegielski Jerzy,1.0,,758,53.029537,18.653436
Autosar. Restauracja,,,763,53.029537,18.653436
Weranda Chełmińska,2.0,7.5,930,53.018852,18.591969
Od Nowa. Studencki klub pracy twórczej,1.0,6.8,780,53.018852,18.591969
Cichy Zakątek S.C. Zembrzuska Magdalena Dąbrowska Kinga,1.0,,338,53.018852,18.591969
Apartament ksiezycowy II,,,433,53.018852,18.591969
Palce Lizać,,,507,53.018852,18.591969
Pro Eco - Invest Sp. z o.o.,,,583,53.018852,18.591969
Smakuś,,,619,53.018852,18.591969
Pizza Sfera,1.0,,634,53.018852,18.591969
Warpol,1.0,,640,53.018852,18.591969
Bar Statystyk,,,688,53.018852,18.591969
"Lokal Elena – Wesele, Catering Toruń",,,16,53.037219,18.657603
Elena. Restauracja,,,94,53.037219,18.657603
Cichowicz Maria. Bufet,2.0,,567,53.037219,18.657603
Rustico Kebab,,,789,53.037219,18.657603
Planeta Kebab,2.0,,840,53.037219,18.657603
Kawiarnia Staś Kwiatkowska Alicja,1.0,,906,53.037219,18.657603
Forte Prim Sp. z o.o. Sp.k,,,941,53.037219,18.657603
Ajsu Kebab,,,982,53.037219,18.657603
Pcic Poland Sp. z o.o.,,,540,53.037219,18.657603
DDG Restauracje Grotkowscy Danuta Grotkowskaplacówka Opiekuncza Danuta Grotkowska,,,793,53.037219,18.657603
KFC,1.0,6.3,451,53.034691,18.612857
BIM Oriental Fast Food,1.0,,125,53.034691,18.612857
"Hotel i Karczma ""Spichrz""",,,162,53.034691,18.612857
McDonald's,1.0,5.9,445,53.034691,18.612857
Verona II S c Euro Car Bogusław Bojdo Aneta Bojdo,,,200,53.034691,18.612857
Wild Bean Cafe,1.0,,324,53.034691,18.612857
Przeds Handlowo Usługowe S.C. Airfort Stawicki Janusz Paruszewski Adam,1.0,,338,53.034691,18.612857
Pokoje Alfa,,,374,53.034691,18.612857
Bar Hotelowy Alfa,1.0,,374,53.034691,18.612857
G132 Office & Restaurant,,,378,53.034691,18.612857
Widelec,2.0,6.6,279,53.025994,18.633996
McDonald's,1.0,6.1,216,53.025994,18.633996
KFC,1.0,6.0,303,53.025994,18.633996
Ciechanowski Marian. Punkt małej gastronomii,2.0,,38,53.025994,18.633996
Byczy Burger,1.0,,201,53.025994,18.633996
Baalbek,1.0,,202,53.025994,18.633996
North Fish,3.0,,216,53.025994,18.633996
Bangkok Wok,2.0,,261,53.025994,18.633996
Dołasiński Zbigniew Kasztelan Bar,1.0,,267,53.025994,18.633996
"Baalbek sp.j. Cieślewicz A., Poddany J.",2.0,,303,53.025994,18.633996
Montenegro,1.0,8.0,746,53.025309,18.601746
Weranda Chełmińska,2.0,7.5,710,53.025309,18.601746
Hotel Filmar,,7.0,805,53.025309,18.601746
Pizzeria Pe-Pe Marek Mech,2.0,,111,53.025309,18.601746
Pizzeria Promyk,1.0,,122,53.025309,18.601746
Jankowska Małgorzata pod Koszem Bar,1.0,,212,53.025309,18.601746
Simple Plan Ewelina Kosińska,,,267,53.025309,18.601746
Warpol,1.0,,334,53.025309,18.601746
Pizza Sfera,1.0,,351,53.025309,18.601746
Pizzeria Laguna,1.0,,370,53.025309,18.601746
W obłokach cafe,1.0,,293,53.050109,18.603833
Rubens & Monet,,,774,53.050109,18.603833
Prim S.C. Kulpa Wiktor Kulpa Elżbieta,1.0,,954,53.050109,18.603833
"Rubbens. Hotel, Restauracja",,,13991,53.050109,18.603833
Usługi Kelnerskie Dominika Urbanik,,,947,53.050109,18.603833
Hotel Filmar,,7.0,944,53.019546,18.623415
Loft79,3.0,6.7,980,53.019546,18.623415
Belfood Arkadiusz Szmytkowski,,,138,53.019546,18.623415
Zahir Kebab,2.0,,304,53.019546,18.623415
Hotele Solaris Sp. z o.o.,,,315,53.019546,18.623415
Mała Gastronomia Rożen Sós Piotr,1.0,,378,53.019546,18.623415
Kashmir,2.0,,393,53.019546,18.623415
Max. Pub,1.0,,481,53.019546,18.623415
Kebab,,,540,53.019546,18.623415
Thienlong,1.0,,580,53.019546,18.623415
"Rubbens. Hotel, Restauracja",,,14936,53.055472,18.617056
KFC,,6.2,434,53.028683,18.692462
Sandżak Sp. z o.o.,,,56,53.028683,18.692462
Montenegro,1.0,,61,53.028683,18.692462
"Bapol s.c. Przedsiębiorstwo handlowo - gastronomiczne. Męcner J., Fedorowicz B.",2.0,,94,53.028683,18.692462
Pizza Hut,1.0,,268,53.028683,18.692462
Fenix. Firma handlowo - gastronomiczna,2.0,,356,53.028683,18.692462
Tapas,1.0,,429,53.028683,18.692462
Firma Tapas Odolecka Jolanta,,,429,53.028683,18.692462
Cube Cafe. Kawiarnia Multiconcept. Sp. Z O.o.,1.0,,434,53.028683,18.692462
Subway,1.0,,441,53.028683,18.692462
KFC,1.0,6.5,281,53.027355,18.665235
Wild Bean Cafe,1.0,,277,53.027355,18.665235
Ajsu Kebab,,,293,53.027355,18.665235
Pizzeria Don Corleone,1.0,,324,53.027355,18.665235
Skrzynka,,,396,53.027355,18.665235
Dobry Adres Kuchnia i Pub,1.0,,431,53.027355,18.665235
Mała Gastronomia Cegielski Jerzy,1.0,,433,53.027355,18.665235
Caffe Bar. Drink-bar,2.0,,466,53.027355,18.665235
McDonald's,1.0,5.6,559,53.027355,18.665235
Pizzeria Yarpen,1.0,,496,53.027355,18.665235
Manekin,,8.4,671,53.014522,18.5616
Subway,1.0,6.5,43,53.014522,18.5616
Azzurro,2.0,7.3,968,53.014522,18.5616
McDonald's,1.0,6.0,158,53.014522,18.5616
North Fish,3.0,,41,53.014522,18.5616
Smaki Azji,2.0,,74,53.014522,18.5616
burgeroWnia,1.0,,90,53.014522,18.5616
Kosmos Hotel Torun,,,99,53.014522,18.5616
Arianos Döner Kebab,,,159,53.014522,18.5616
Misada,,,161,53.014522,18.5616
Manekin,,8.4,405,53.020554,18.570606
Widelec,2.0,8.4,693,53.020554,18.570606
Azzurro,2.0,7.3,810,53.020554,18.570606
Od Nowa. Studencki klub pracy twórczej,1.0,6.8,672,53.020554,18.570606
Subway,1.0,6.5,859,53.020554,18.570606
Adaś. Bar,,,24,53.020554,18.570606
Mr.Capone,1.0,6.0,378,53.020554,18.570606
Paluch stołówka,1.0,,130,53.020554,18.570606
Bar ZIEMniaczek,,,137,53.020554,18.570606
Hotel Uniwersytecki,,,230,53.020554,18.570606
Widelec,2.0,8.4,440,53.013617,18.580471
Czarny Tulipan. Pub,2.0,7.4,234,53.013617,18.580471
Azzurro,2.0,7.3,298,53.013617,18.580471
Od Nowa. Studencki klub pracy twórczej,1.0,6.8,589,53.013617,18.580471
Murat Kebap,,,95,53.013617,18.580471
Soczek raz dwa,2.0,,107,53.013617,18.580471
El Ninio,2.0,,167,53.013617,18.580471
Jagoda,,,182,53.013617,18.580471
Chwast Prast Vegetarian Bistro,2.0,,195,53.013617,18.580471
Mała gastronomia Bar U Dziadka,,,216,53.013617,18.580471
Lawenda,,,348,52.99384,18.593969
Kęs Dobry,1.0,,413,52.99384,18.593969
"Restauracja ""PIĄTA KLEPKA"" Agnieszka Borkowska",,,425,52.99384,18.593969
Dynasińska Maria Shangri La,,,639,52.99384,18.593969
Rafa. Pizzeria,1.0,,842,52.99384,18.593969
Firma Usł Gastronom Wiktor S.C. Modzelewska Alicja Modzelewska Kinga,,,31,52.99384,18.593969
"""Wiki"" Pizzeria Beata Chmurzyńska",,,42,52.99384,18.593969
Kola Sklep Mięsno-Spożywczy. Kolasiński Tomasz Toruń,,,49,52.99384,18.593969
Marco. Pizzeria,,,171,52.99384,18.593969
Firma Handlowo-Gastronomiczna. Grzebińska Teodozja Toruń,,,222,52.99384,18.593969
Widelec,2.0,8.4,160,53.018989,18.580011
Od Nowa. Studencki klub pracy twórczej,1.0,6.8,20,53.018989,18.580011
Azzurro,2.0,7.3,610,53.018989,18.580011
Czarny Tulipan. Pub,2.0,7.4,827,53.018989,18.580011
Od Nowa MZK,,,25,53.018989,18.580011
Hotel Asystencki nr 2,,,98,53.018989,18.580011
Bar Małej Gastronomi Baszyński Piotr,,,245,53.018989,18.580011
Mr.Capone,1.0,6.0,656,53.018989,18.580011
Mała gastronomia Bar U Dziadka,,,381,53.018989,18.580011
Chiński Kubek,1.0,,394,53.018989,18.580011
Cybermachina Przemysław Benedykciński,1.0,,191,53.049682,18.578734
Pora Obiadowa,1.0,,229,53.049682,18.578734
Krągłe Placki,1.0,,319,53.049682,18.578734
Pub Na Pętli,2.0,,340,53.049682,18.578734
"Agnieszka Płachta Blue Cactus, Blue Home",,,507,53.049682,18.578734
Chilli. Maćczak M.,2.0,,517,53.049682,18.578734
Siwy Dym,,,685,53.049682,18.578734
Prim S.C. Kulpa Wiktor Kulpa Elżbieta,1.0,,767,53.049682,18.578734
Gruba Ryba,3.0,,796,53.049682,18.578734
Thienlong,1.0,,796,53.049682,18.578734
Montenegro,1.0,8.0,860,53.035522,18.599119
Kinga Łuczak Usługi Hotelowe,,,42,53.035522,18.599119
Klif. Bar,2.0,,105,53.035522,18.599119
Klif. Bar,2.0,,109,53.035522,18.599119
KFC,1.0,6.3,962,53.035522,18.599119
Stara Paczkarnia,1.0,,260,53.035522,18.599119
Pizzeria Wenecja,1.0,,351,53.035522,18.599119
Lodmix Szczególski Sławomir,2.0,,360,53.035522,18.599119
Drink Bar Sierżant Dawid Kościecha,1.0,,392,53.035522,18.599119
Blue Kaktus. Pub,2.0,,507,53.035522,18.599119
KFC,1.0,6.5,412,53.02348,18.659069
Mała Gastronomia Cegielski Jerzy,1.0,,163,53.02348,18.659069
Wild Bean Cafe,1.0,,383,53.02348,18.659069
Pizzeria Yarpen,1.0,,489,53.02348,18.659069
Caffe Bar. Drink-bar,2.0,,519,53.02348,18.659069
Skrzynka,,,525,53.02348,18.659069
Ajsu Kebab,,,599,53.02348,18.659069
Kawiarnia Staś Kwiatkowska Alicja,1.0,,635,53.02348,18.659069
Dariusz Nowak,,,639,53.02348,18.659069
Policealna Szkoła Usług Turystycznych,,,714,53.02348,18.659069
Krystyna Bryla Mala Gastronomia Lodziarnia,,,50,53.027043,18.679764
Punkt Sprzedaży Małej Gastronomi Koźlikowska Aleksandra,1.0,,102,53.027043,18.679764
Ajsu Kebab,,,108,53.027043,18.679764
Kwadrans Cafe Toruń,1.0,,156,53.027043,18.679764
Kebab Star,1.0,,156,53.027043,18.679764
Portos,2.0,,178,53.027043,18.679764
Mar Changlin Chang Lin Firma,,,185,53.027043,18.679764
Restauracja Chińska Chang Lin,1.0,,190,53.027043,18.679764
Gruby Benek. Pizzeria,1.0,,199,53.027043,18.679764
Enigma,2.0,,291,53.027043,18.679764
Manekin,,8.4,578,53.015872,18.601638
Coffee & Whisky House,3.0,8.8,810,53.015872,18.601638
Bread House Cafe,1.0,8.4,656,53.015872,18.601638
Szeroka No.9,,8.5,731,53.015872,18.601638
Pierogarnia Stary Toruń,1.0,8.1,545,53.015872,18.601638
Apartamenty Monka,,8.4,834,53.015872,18.601638
Copernicus Toruń Hotel,,8.6,945,53.015872,18.601638
Pierogarnia Stary Młyn,1.0,8.1,749,53.015872,18.601638
Jan Olbracht Browar Staromiejski,2.0,7.8,598,53.015872,18.601638
Stare Metropolis,1.0,7.2,759,53.015872,18.601638
KFC,1.0,6.3,103,53.031525,18.610275
McDonald's,1.0,5.9,55,53.031525,18.610275
Pokoje Alfa,,,65,53.031525,18.610275
Bar Hotelowy Alfa,1.0,,65,53.031525,18.610275
G132 Office & Restaurant,,,70,53.031525,18.610275
Wild Bean Cafe,1.0,,79,53.031525,18.610275
"Hotel i Karczma ""Spichrz""",,,313,53.031525,18.610275
Wild Bean Cafe,1.0,,319,53.031525,18.610275
Mio Piano Restaurant,2.0,,339,53.031525,18.610275
Blue Kaktus. Pub,2.0,,367,53.031525,18.610275
Hotel Filmar,,7.0,743,53.023882,18.61791
Kebab,,,66,53.023882,18.61791
Mediterian,2.0,,83,53.023882,18.61791
Apartament Delfin II,,,234,53.023882,18.61791
Jajcarnia,1.0,,256,53.023882,18.61791
Restauracja Olimpia Toruń,,,265,53.023882,18.61791
Kryta Pływalnia z Hotelikiem,,,273,53.023882,18.61791
Mr Chicken,1.0,,292,53.023882,18.61791
Atena. Pizzeria,1.0,,300,53.023882,18.61791
Serjusz Szymon Rosiński,,,315,53.023882,18.61791
Copernicus Toruń Hotel,,8.6,469,53.012029,18.596202
Bread House Cafe,1.0,8.4,434,53.012029,18.596202
Coffee & Whisky House,3.0,8.8,603,53.012029,18.596202
Apartamenty Monka,,8.4,590,53.012029,18.596202
Szeroka No.9,,8.5,806,53.012029,18.596202
Manekin,,8.4,833,53.012029,18.596202
Pierogarnia Stary Toruń,1.0,8.1,692,53.012029,18.596202
Pierogarnia Stary Młyn,1.0,8.1,756,53.012029,18.596202
Jan Olbracht Browar Staromiejski,2.0,7.8,648,53.012029,18.596202
Stare Metropolis,1.0,7.2,757,53.012029,18.596202
Piekuś Bistro,,,113,53.041102,18.598109
Przewoski Lech Żak,1.0,,361,53.041102,18.598109
Bar Kebab Gabi Mariola Tomaszewska,,,549,53.041102,18.598109
Pizzeria Haos,1.0,,555,53.041102,18.598109
Delikatesy 34,1.0,,576,53.041102,18.598109
Domowa Barbara Langierowicz,2.0,,652,53.041102,18.598109
"Kasywtoruniu.pl - Kasy Fiskalne W Toruniu, Systemy Lini Insert i Adith",,,706,53.041102,18.598109
Klif. Bar,2.0,,723,53.041102,18.598109
Klif. Bar,2.0,,728,53.041102,18.598109
Delikates,1.0,,767,53.041102,18.598109
Hotel Filmar,,7.0,497,53.024134,18.609268
Bar Krokiecik Toruń,,,39,53.024134,18.609268
Bar BQ,2.0,,100,53.024134,18.609268
Domino's Pizza,1.0,,118,53.024134,18.609268
Bar Orientalny HANOI,2.0,,132,53.024134,18.609268
Bar Azyl Dorota Jakimiak Toruń,1.0,,142,53.024134,18.609268
Polish Kebab,,,257,53.024134,18.609268
Dzięgiel Jacek. Kebab,,,257,53.024134,18.609268
Domino's Pizza,1.0,,280,53.024134,18.609268
Atena. Pizzeria,1.0,,289,53.024134,18.609268
Zahir Kebab,,,82,53.042366,18.580832
Gruba Ryba,3.0,,109,53.042366,18.580832
Thienlong,1.0,,109,53.042366,18.580832
Chilli. Maćczak M.,2.0,,324,53.042366,18.580832
Delikates,1.0,,594,53.042366,18.580832
Siwy Dym,,,605,53.042366,18.580832
"Kasywtoruniu.pl - Kasy Fiskalne W Toruniu, Systemy Lini Insert i Adith",,,617,53.042366,18.580832
Domowa Barbara Langierowicz,2.0,,629,53.042366,18.580832
Tomasz Tokarz,,,725,53.042366,18.580832
Pora Obiadowa,1.0,,727,53.042366,18.580832
Widelec,2.0,8.4,578,53.01726,18.571075
Azzurro,2.0,7.3,489,53.01726,18.571075
Czarny Tulipan. Pub,2.0,7.4,862,53.01726,18.571075
Od Nowa. Studencki klub pracy twórczej,1.0,6.8,642,53.01726,18.571075
Mr.Capone,1.0,6.0,29,53.01726,18.571075
Subway,1.0,6.5,669,53.01726,18.571075
Budzik Coffee Bartłomiej Maciejewski,1.0,,6,53.01726,18.571075
Taica Frias Heli CLUB LATINO,1.0,,17,53.01726,18.571075
Maximus S.C. Bar-Pizzeria Toruń,1.0,,22,53.01726,18.571075
Domowa,1.0,,40,53.01726,18.571075
Manekin,,8.4,986,53.021252,18.613106
Hotel Filmar,,7.0,310,53.021252,18.613106
Loft79,3.0,6.7,731,53.021252,18.613106
Ziemniak Czy Rybka,2.0,,95,53.021252,18.613106
Domino's Pizza,1.0,,131,53.021252,18.613106
Mr Chicken,1.0,,157,53.021252,18.613106
Atena. Pizzeria,1.0,,249,53.021252,18.613106
Jordan Edyta Maciejewska,2.0,,274,53.021252,18.613106
Restauracja Róża Wiatrów,,,310,53.021252,18.613106
Filmar Service Sp. z o.o.,,,327,53.021252,18.613106
Montenegro,1.0,8.0,843,53.021725,18.59627
Weranda Chełmińska,2.0,7.5,686,53.021725,18.59627
Hotel Filmar,,7.0,899,53.021725,18.59627
Pro Eco - Invest Sp. z o.o.,,,173,53.021725,18.59627
Palce Lizać,,,176,53.021725,18.59627
Warpol,1.0,,214,53.021725,18.59627
Pizza Sfera,1.0,,216,53.021725,18.59627
Pizzeria Laguna,1.0,,345,53.021725,18.59627
Pamela. Pub,1.0,,394,53.021725,18.59627
Cichy Zakątek S.C. Zembrzuska Magdalena Dąbrowska Kinga,1.0,,405,53.021725,18.59627
Widelec,2.0,6.6,311,53.024468,18.638258
KFC,1.0,6.0,34,53.024468,18.638258
McDonald's,1.0,6.1,156,53.024468,18.638258
Pizza Dominium,1.0,,22,53.024468,18.638258
Słodka Chmurka Piotr Moroz,1.0,,34,53.024468,18.638258
"Baalbek sp.j. Cieślewicz A., Poddany J.",2.0,,38,53.024468,18.638258
Bangkok Wok,2.0,,70,53.024468,18.638258
Subway,1.0,,94,53.024468,18.638258
Copernicus Döner Kebap,,,109,53.024468,18.638258
North Fish,3.0,,144,53.024468,18.638258
Manekin,,8.4,341,53.015745,18.607203
Szeroka No.9,,8.5,582,53.015745,18.607203
Pierogarnia Stary Toruń,1.0,8.1,423,53.015745,18.607203
Coffee & Whisky House,3.0,8.8,832,53.015745,18.607203
Bread House Cafe,1.0,8.4,739,53.015745,18.607203
Pierogarnia Stary Młyn,1.0,8.1,645,53.015745,18.607203
Apartamenty Monka,,8.4,872,53.015745,18.607203
Jan Olbracht Browar Staromiejski,2.0,7.8,525,53.015745,18.607203
Stare Metropolis,1.0,7.2,658,53.015745,18.607203
Lizard King,,7.0,721,53.015745,18.607203
Zapiekarnia,1.0,,64,53.000452,18.613884
Zapiekanki na dworcu,1.0,,103,53.000452,18.613884
Spichrz,,,103,53.000452,18.613884
Budowlani Toruń,,,524,53.000452,18.613884
La Pablo. FHU. Wiwatowski P.,1.0,,532,53.000452,18.613884
Folborska Monika Marcello,1.0,,555,53.000452,18.613884
Start Bar. Bugajski Artur Toruń,2.0,,577,53.000452,18.613884
Kim Orient,2.0,,674,53.000452,18.613884
Green Way,2.0,,938,53.000452,18.613884
Dakat Firma. Dróżdż Teresa Toruń,,,994,53.000452,18.613884
Manekin,,8.4,210,53.011939,18.611414
Szeroka No.9,,8.5,276,53.011939,18.611414
Pierogarnia Stary Toruń,1.0,8.1,324,53.011939,18.611414
Coffee & Whisky House,3.0,8.8,657,53.011939,18.611414
Pierogarnia Stary Młyn,1.0,8.1,370,53.011939,18.611414
Bread House Cafe,1.0,8.4,684,53.011939,18.611414
Apartamenty Monka,,8.4,707,53.011939,18.611414
Jan Olbracht Browar Staromiejski,2.0,7.8,388,53.011939,18.611414
Stare Metropolis,1.0,7.2,382,53.011939,18.611414
Lizard King,,7.0,506,53.011939,18.611414
Oscar apartments,2.0,,228,53.019033,18.518344
Restaracja Walter,,,433,53.019033,18.518344
Hotel Walter,,,437,53.019033,18.518344
"Zakład Handlowo Usługowo Produkcyjny ""WALTER"" Walter Tadeusz",,,447,53.019033,18.518344
Towimor. Bar,,,474,53.019033,18.518344
Przystanek Piekus,1.0,,195,52.993479,18.629549
McDonald's,1.0,,201,52.993479,18.629549
Dakat Firma. Dróżdż Teresa Toruń,,,322,52.993479,18.629549
Zajazd Torunski,,,419,52.993479,18.629549
Wild Bean Cafe,1.0,,522,52.993479,18.629549
Start Bar. Bugajski Artur Toruń,2.0,,756,52.993479,18.629549
Kim Orient,2.0,,800,52.993479,18.629549
Pizzeria Laguna,1.0,,820,52.993479,18.629549
La Pablo. FHU. Wiwatowski P.,1.0,,874,52.993479,18.629549
Bar Leśny,,,87,52.993479,18.629549
Trzy Smaki,,,110,53.04035,18.624286
Urbański,,,139,53.04035,18.624286
Graffico. Producent pylonów i witaczy,,,227,53.04035,18.624286
Mała Gastronomia Galczak Jolanta,1.0,,282,53.04035,18.624286
Fort IV,,5.7,567,53.04035,18.624286
Twierdza Torun,,,533,53.04035,18.624286
Laskowska Rudnicka Violetta Viola Firma handlowo usługowa - Torun,,,559,53.04035,18.624286
Restauracja Forteczna,2.0,,588,53.04035,18.624286
Kebabmaniak,,,625,53.04035,18.624286
Batory,,,626,53.04035,18.624286
F.H.U Przy Złotej Wyspie Ewelina Fiedorowicz,,,693,53.001641,18.701141
Restauracja Monte Carlo,1.0,,784,53.001641,18.701141
KFC,1.0,6.5,747,53.023772,18.675857
Roma. Pizzeria,1.0,,84,53.023772,18.675857
New York Pizza Department Toruń,1.0,,95,53.023772,18.675857
Jadło Do Syta,,,101,53.023772,18.675857
Verdad Sp. z o.o.,,,111,53.023772,18.675857
Restauracja Jadło Polskie,,,127,53.023772,18.675857
E-Pizzeria.Pl Krzysztof Pawłowski,1.0,,171,53.023772,18.675857
Przedsiębiorstwo Handlowo Usługowe Kowalik Maria,1.0,,183,53.023772,18.675857
Servus Sp. z o.o.,,,206,53.023772,18.675857
McDonald's,1.0,5.6,314,53.023772,18.675857
Lawenda,,,160,52.992563,18.600756
Dynasińska Maria Shangri La,,,179,52.992563,18.600756
Kęs Dobry,1.0,,281,52.992563,18.600756
Rafa. Pizzeria,1.0,,691,52.992563,18.600756
Folborska Monika Marcello,1.0,,691,52.992563,18.600756
"Restauracja ""PIĄTA KLEPKA"" Agnieszka Borkowska",,,761,52.992563,18.600756
Yomi S.C. Joanna Sowińska Michalina Bratkowska,,,120,52.992563,18.600756
Przedsiębiorstwo Handlowo Usługowe Majus Cander Tomasz,,,186,52.992563,18.600756
Firma Handlowo-Gastronomiczna. Grzebińska Teodozja Toruń,,,365,52.992563,18.600756
Pensjonat LAZUR,,,429,52.992563,18.600756
Manekin,,8.4,708,53.012702,18.619199
Szeroka No.9,,8.5,786,53.012702,18.619199
Pierogarnia Stary Toruń,1.0,8.1,849,53.012702,18.619199
Pierogarnia Stary Młyn,1.0,8.1,873,53.012702,18.619199
Jan Olbracht Browar Staromiejski,2.0,7.8,915,53.012702,18.619199
Stare Metropolis,1.0,7.2,881,53.012702,18.619199
Pierogarnia Leniwa,1.0,6.5,574,53.012702,18.619199
Gospoda Pod Modrym Fartuchem,,6.5,579,53.012702,18.619199
Dim Sum,2.0,6.3,621,53.012702,18.619199
Restauracja Lokomotywa,1.0,,57,53.012702,18.619199
Coffee & Whisky House,3.0,8.8,211,53.007485,18.600735
Apartamenty Monka,,8.4,162,53.007485,18.600735
Copernicus Toruń Hotel,,8.6,251,53.007485,18.600735
Bread House Cafe,1.0,8.4,283,53.007485,18.600735
Szeroka No.9,,8.5,591,53.007485,18.600735
Pierogarnia Stary Młyn,1.0,8.1,498,53.007485,18.600735
Pierogarnia Stary Toruń,1.0,8.1,631,53.007485,18.600735
Manekin,,8.4,790,53.007485,18.600735
Jan Olbracht Browar Staromiejski,2.0,7.8,523,53.007485,18.600735
Stare Metropolis,1.0,7.2,487,53.007485,18.600735
Widelec,2.0,6.6,659,53.017646,18.635777
PIE TOWN Małgorzata Mitręga,,,143,53.017646,18.635777
"Arkadiusz Owsianik Przedsiębiorstwo Handlowo-Usługowe ""Pizza Drive""",,,215,53.017646,18.635777
McDonald's,1.0,6.1,902,53.017646,18.635777
KFC,1.0,6.0,803,53.017646,18.635777
Orient Express,2.0,,457,53.017646,18.635777
Pensjonat Winnica,,,495,53.017646,18.635777
Elżbieta. FPH. Bukowska E.,,,594,53.017646,18.635777
Pub Mokre Kurtyka Mirosława,2.0,,616,53.017646,18.635777
Byczy Burger,1.0,,737,53.017646,18.635777
